Consultas principales,Clics,Impresiones,CTR,Posición
ecogadget,155,407,38.08%,17.75
ecoflow españa,147,6686,2.2%,2.93
distribuidor ecoflow españa,101,774,13.05%,1.57
ecoflow,76,45678,0.17%,8.61
ecoflow tienda física,34,434,7.83%,2.13
ecoflow madrid,32,137,23.36%,1.62
telefono ecoflow españa,29,311,9.32%,3.56
servicio tecnico ecoflow españa,27,545,4.95%,1.16
ecoflow españa telefono,27,304,8.88%,3.15
servicio tecnico ecoflow,22,511,4.31%,2.16
ecoflow canarias,20,411,4.87%,6.75
eco gadget,18,40,45%,5.83
"ecoflow paneles, generadores y baterías solares - distribuidor oficial",15,97,15.46%,1.23
eco gadgets,14,81,17.28%,4.25
ecoflow stream ultra x,13,1290,1.01%,9.44
ecoflow spain,12,1278,0.94%,6.47
enchufe inteligente ecoflow,11,270,4.07%,7.59
ecoflow river 3 plus,10,2218,0.45%,10
ecoflow tenerife,10,239,4.18%,6.26
ecoflow tienda fisica,10,150,6.67%,3.87
gadget iberia,10,33,30.3%,2.09
que es un ecoflow,9,1794,0.5%,6.93
ecoflow delta 3 max plus,9,1231,0.73%,9.8
ecoflow app manual,9,879,1.02%,6.66
ecoflow españa sass sl.distribuidor oficial españa y servicio oficial españa,9,31,29.03%,1.32
que es un ecoflow y para que sirve,8,1125,0.71%,5.78
ecoflow espana,8,509,1.57%,4.38
stream ultra x,8,282,2.84%,7.45
ecoflow stream ca pro,8,180,4.44%,5.77
panel solar para ecoflow delta 3 max,7,1173,0.6%,9.61
ecoflow powerstream 800w,7,158,4.43%,13.8
kit balcon ecoflow,7,145,4.83%,6.81
si,7,72,9.72%,4.39
ecoflow stream ultra,6,1107,0.54%,10.76
ecoflow telefono,6,113,5.31%,4.12
ecoflow delta 3 max solar panel,6,48,12.5%,9.06
ecogadgets,6,44,13.64%,2.27
que es ecoflow,5,968,0.52%,7.19
manual ecoflow delta pro español,5,963,0.52%,7.8
ecoflow delta 3 max,5,602,0.83%,11.03
ecoflow.es,5,339,1.47%,4.8
ecoflow ultra x,5,289,1.73%,8.9
ecoflow telefono españa,5,71,7.04%,2.08
microinversor ecoflow powerstream 800 w,5,38,13.16%,11.03
ecoflow que es,4,1111,0.36%,6.93
gadgets,4,908,0.44%,6.94
comprar ecoflow,4,255,1.57%,6.89
tienda ecoflow,4,141,2.84%,4.23
batería ecoflow delta pro,4,141,2.84%,7.09
ecoflow stream ac pro manual,4,113,3.54%,4.8
manual ecoflow,4,96,4.17%,6.49
inversor ecoflow powerstream 600 w/800 w,4,78,5.13%,9.31
microinversor ecoflow 800w,4,73,5.48%,12.08
ecoflow river vs delta,4,65,6.15%,5.55
ecoflow tienda oficial,4,60,6.67%,4.65
powerstream ecoflow 800w,4,43,9.3%,8.91
powerstream 800w,4,38,10.53%,8
gadget,3,1982,0.15%,6.61
ecoflow delta 3 classic manual español,3,1003,0.3%,8.69
ecoflow river 3 max,3,807,0.37%,11.53
ecoflow delta 3,3,577,0.52%,19.21
ecoflow para que sirve,3,215,1.4%,6.62
delta 3 max,3,177,1.69%,7.83
ecoflow en españa,3,159,1.89%,3.23
ecoflow stream ca pro/ca,3,136,2.21%,5.38
stream ultra,3,106,2.83%,9.58
que significa ecoflow,3,91,3.3%,5.09
river 3 max plus,3,87,3.45%,8.75
ecoflow barcelona,3,64,4.69%,3.88
ecoflow smart home panel 2 manual,3,23,13.04%,6.65
ecoflow servicio tecnico,3,19,15.79%,4.58
eco gadget store,3,15,20%,7.07
ecoflow smart generator adapter,3,7,42.86%,7.43
ecoflow river 2 max,2,786,0.25%,31.26
ecoflow river 3 max plus,2,636,0.31%,17.1
baterias ecoflow,2,601,0.33%,6.98
ecoflow que es y para que sirve,2,498,0.4%,5.41
ecoflow delta pro 3 8000w,2,418,0.48%,9.81
qué es un ecoflow,2,350,0.57%,6.41
ecoflow river 2 manual español,2,319,0.63%,8.09
manual ecoflow delta 3 classic,2,297,0.67%,9.25
distribuidor autel madrid,2,267,0.75%,1.48
que es una ecoflow,2,217,0.92%,5.63
ecoflow stream ultra x manual,2,154,1.3%,4.92
kit solar ecoflow stream series,2,121,1.65%,10.03
ecoflow delta 3 max características,2,111,1.8%,6.73
ecoflow pagina oficial,2,97,2.06%,5.28
ecoflow tienda,2,88,2.27%,3.88
ecoflow powerstream,2,85,2.35%,14.48
ecoflow delta pro 3600w manual,2,84,2.38%,8.77
kit solar balcón con batería,2,71,2.82%,13.15
pagina oficial de ecoflow,2,64,3.12%,6.05
panel solar ecoflow 520w,2,63,3.17%,6.14
ecoflow empresa,2,59,3.39%,6.36
batería adicional inteligente ecoflow delta 2 max,2,59,3.39%,10.54
para que sirve un ecoflow,2,55,3.64%,5.27
ecoflow que es?,2,52,3.85%,7.19
ecoflow wave 3,2,52,3.85%,21.92
inversor ecoflow powerstream,2,47,4.26%,8.17
que inversor necesito para una casa,2,47,4.26%,9.53
ecoflow distribuidor,2,43,4.65%,5.12
ecoflow microinversor 800w,2,38,5.26%,12.55
starlink ecoflow,2,33,6.06%,8.88
powerstream ecoflow,2,33,6.06%,12.79
ecoflow de donde es,2,32,6.25%,7
delta 3 max plus extra battery,2,20,10%,7.8
ecoflow 520w,2,17,11.76%,4.47
power stream 800w,2,15,13.33%,6.2
ecoflow delta pro bateria extra,2,15,13.33%,8.93
panel solar ecoflow 45w,2,14,14.29%,11.36
ecoflow alternator charger 600,2,12,16.67%,6.5
delta eb,2,9,22.22%,2.44
ecoflow powerocean,2,3,66.67%,6.67
eco flow,1,1699,0.06%,9.27
bateria ecoflow,1,1233,0.08%,10.75
panel solar portatil,1,845,0.12%,17.79
ecoflow es,1,828,0.12%,6.03
dji españa,1,614,0.16%,7.94
ecoflow delta,1,540,0.19%,19.18
xt60i,1,469,0.21%,9.3
ecoflow delta 2 max,1,455,0.22%,22.81
river 3 plus,1,448,0.22%,8.84
xiaomi store,1,441,0.23%,8.04
ecoflow stream series,1,386,0.26%,9.02
bateria adicional delta 3,1,376,0.27%,9.24
delta 3 max plus,1,370,0.27%,9.01
ecoflow river,1,333,0.3%,21.98
ecoflow river manual,1,263,0.38%,7.48
cable xt60i,1,251,0.4%,9.67
ecoflou,1,183,0.55%,8.33
ecoflow delta 2 manual en español,1,183,0.55%,9.98
ecoflow balcon,1,178,0.56%,7.74
bateria ecoflow delta pro,1,152,0.66%,5.9
cable solar a xt60i ecoflow,1,152,0.66%,8.41
ecoflow stream ac pro,1,142,0.7%,12.94
que es el ecoflow,1,140,0.71%,6.2
eco flow que es,1,138,0.72%,6.97
ecoflow river max manual,1,138,0.72%,9.01
distribuidor oficial,1,133,0.75%,10.61
kit ecoflow,1,132,0.76%,10.54
ecoflow enchufe inteligente,1,131,0.76%,3.67
power stream,1,126,0.79%,3.77
kit solar balcon,1,123,0.81%,15.76
ecoflow stream ultra manual,1,122,0.82%,6.9
dji,1,121,0.83%,5.41
inversor ecoflow,1,121,0.83%,13.63
kit ecoflow balcon,1,113,0.88%,7.14
ecoflow kit balcon,1,111,0.9%,9.78
ecofloe,1,107,0.93%,10.48
manual ecoflow delta pro (español),1,93,1.08%,6.35
ecoflow stream,1,87,1.15%,12.57
que es un ecoflo,1,85,1.18%,7.82
ecoflow starlink,1,80,1.25%,6.78
ecoflow donde comprar,1,80,1.25%,7.11
ecoflow store,1,77,1.3%,4.29
streamseries,1,76,1.32%,11.61
dji madrid,1,72,1.39%,6.49
ecoflow contacto,1,67,1.49%,4.25
placas solares portatiles para casa,1,66,1.52%,15.09
ecoflow 100w,1,63,1.59%,10.21
manual de ecoflow delta 3 classic,1,62,1.61%,9.45
ecoflow comprar,1,60,1.67%,6.88
ecoflow smart plug,1,59,1.69%,20.66
ecoflow stream ac manual,1,57,1.75%,5
kit solar balcon ecoflow,1,57,1.75%,5.93
eco flow delta 3 max,1,57,1.75%,10.23
donde comprar ecoflow,1,56,1.79%,7.54
ecoflow kit solar,1,56,1.79%,9.43
ecoflow river 3 plus características,1,55,1.82%,6.85
delta 3 max ecoflow,1,55,1.82%,8.4
batería ecoflow delta 3 plus,1,55,1.82%,10.27
tienda de ecoflow,1,47,2.13%,4.68
ecoflow opiniones,1,47,2.13%,7.91
ecoflow stream pro,1,47,2.13%,11.17
evoflow,1,45,2.22%,7.04
ecoflow delta 3 max manual en español,1,43,2.33%,7.95
stream ultra x ecoflow,1,41,2.44%,8.68
manual ecoflow river 2 pro,1,39,2.56%,6.18
glacier classic,1,38,2.63%,7.08
manual ecoflow delta 2 en español,1,38,2.63%,10.18
panel solar ecoflow 100w,1,35,2.86%,11.83
tienda ecoflow españa,1,33,3.03%,2.3
ecoflow delta max,1,33,3.03%,32.76
bateria ecoflow delta 3 plus precio,1,31,3.23%,8.74
distribuidor dji españa,1,31,3.23%,15.58
cargador alternador ecoflow,1,29,3.45%,9.31
panel solar flexible,1,29,3.45%,24.79
tiendas dji madrid,1,28,3.57%,2.43
tiendas dji españa,1,28,3.57%,6.21
stream ca,1,28,3.57%,6.93
precio,1,28,3.57%,7.07
que es ecoflow en español,1,27,3.7%,6.41
ecoflow instalacion,1,27,3.7%,8.59
ecoflow manual pdf,1,27,3.7%,9.26
tienda amazfit madrid,1,26,3.85%,5.19
eco flow stream ultra,1,26,3.85%,10.08
sistema ecoflow,1,25,4%,8.12
ecoflow delta 3 bateria extra,1,24,4.17%,8.58
ecoflow accesorios,1,23,4.35%,5.96
ecoflow 175w,1,23,4.35%,6.87
eco flow stream,1,23,4.35%,8.91
ecoflow cargador alternador,1,23,4.35%,9.3
lokithor ja3000 pro,1,22,4.55%,6.82
ecoflow delta 3 max con panel solar,1,22,4.55%,7.14
tienda oficial ecoflow,1,21,4.76%,3.19
ecoflow river 3 plus max,1,21,4.76%,9.29
stream ac pro,1,20,5%,9.6
xiaomi motors,1,18,5.56%,9.06
batería extra ecoflow delta 2 max,1,18,5.56%,10.56
ecoflow trail 300 dc,1,18,5.56%,11.5
power hub ecoflow,1,18,5.56%,11.67
batería ecoflow delta 2 max,1,18,5.56%,12.22
ecoflow 175w solar panel,1,18,5.56%,19
distribuidor ecoflow en españa,1,17,5.88%,1.06
autel tienda oficial,1,17,5.88%,3.18
bateria extra para ecoflow delta 3 classic,1,17,5.88%,12.94
ecoflow bkw-delta eb cable,1,16,6.25%,9.31
ecoflow 800w alternator charger,1,15,6.67%,5.93
que panel solar lleva la ecoflow delta 3 max,1,15,6.67%,11.27
placa solar plegable,1,14,7.14%,45.5
bateria extra ecoflow delta 3 plus,1,13,7.69%,8.69
bateria delta pro 3,1,13,7.69%,8.85
ecoflow alternator charger plus 1000,1,13,7.69%,9.54
"ecoflow stream ultra x 3,84 kwh",1,11,9.09%,7.27
dji españa madrid,1,11,9.09%,10.27
empresas de drones en españa,1,11,9.09%,16.73
aire acondicionado portátil ecoflow wave 3,1,11,9.09%,19.73
ecoflow wave3,1,11,9.09%,22.27
donde comprar,1,10,10%,5.4
eco flow ultra x,1,10,10%,7.1
ecoflow stream ultra x 3.84 kwh,1,10,10%,7.4
ecoflow 50 amp hub manual,1,10,10%,7.6
donde comprar un ecoflow,1,10,10%,8
eco river 3 max plus,1,10,10%,10.2
microinversor ecoflow powerstream,1,10,10%,17.1
cable xt60,1,9,11.11%,32.44
ecoflow delta pro to smart generator adapter,1,8,12.5%,5
ecoflow micro inversor powerstream 800w,1,8,12.5%,6.75
ecoflow river delta,1,8,12.5%,7.75
ecoflow delta 3 accessories,1,8,12.5%,11.38
tienda de drones,1,7,14.29%,1.86
ecoflow 15kw,1,7,14.29%,3.71
tiendas de drones en madrid,1,7,14.29%,4.14
ecoflow ultra x manual,1,7,14.29%,5.57
ecoflow 5kwh power kit,1,7,14.29%,7.29
cargador de alternador ecoflow,1,7,14.29%,8.43
pagina de ecoflow,1,6,16.67%,3.83
página oficial de ecoflow,1,6,16.67%,5.83
ecoflow germany gmbh,1,6,16.67%,6
buy ecoflow,1,6,16.67%,8.33
ecoflof,1,6,16.67%,9.67
panel solar ecoflow 60w,1,6,16.67%,9.67
eco flow delta,1,6,16.67%,10.17
ecoflow steam,1,6,16.67%,10.5
kit power,1,5,20%,1.6
ecoflow powerstream inverter,1,5,20%,6.6
panel solar portatil para ecoflow,1,5,20%,7.4
ecoflow charger 800,1,5,20%,10.6
ecoflow delta 3 max 3400w,1,4,25%,3.5
ecoflow delta 3 max plus battery,1,4,25%,8.25
powerstrean,1,3,33.33%,1.33
ecoflow amazon,1,3,33.33%,3.67
ecoflow stream ultra x manual pdf,1,3,33.33%,4.67
ef ecoflow,1,3,33.33%,6.67
ecoflow 160,1,3,33.33%,7
glacier classic 35l,1,3,33.33%,7.33
ecoflow stream ac,1,3,33.33%,8
precio ecoflow delta 2,1,3,33.33%,8
ecoflow stream ultr,1,3,33.33%,10
ecoflow delta 4 pro,1,3,33.33%,14.67
quiero ser distribuidor de paneles solares,1,3,33.33%,15
ecoflow powerstream 800 w,1,3,33.33%,19.67
tienda de drones madrid,1,2,50%,2
ecoflow 4kwh power kits,1,2,50%,2.5
donde comprar en europa,1,2,50%,4
ecoflow ess,1,2,50%,5
ecoflow oasis,1,2,50%,6.5
lokithor j402,1,2,50%,6.5
ecoflow delta 3 max series (2048wh),1,2,50%,7.5
ecoflow powerstream 2,1,2,50%,27
dji en madrid,1,1,100%,1
ecoflow el corte ingles,1,1,100%,1
en argentina?,1,1,100%,1
en madrid,1,1,100%,1
gadgetofficial,1,1,100%,1
gadgets eco,1,1,100%,1
individual,1,1,100%,1
si por favor,1,1,100%,1
tiendas físicas en madrid,1,1,100%,1
vivienda habitual,1,1,100%,1
cuanto cuesta uno de estos?,1,1,100%,2
ecoflow power bank 5000mah,1,1,100%,2
la segunda opción,1,1,100%,2
400,1,1,100%,3
cual es el precio,1,1,100%,3
disponibilidad,1,1,100%,3
donde comprar online,1,1,100%,3
ecoflow magsafe powerbank,1,1,100%,3
ecoflow river 2 pro 700 portable power station,1,1,100%,3
ecoflow stream ultra pdf,1,1,100%,3
las delta,1,1,100%,3
powerstation 4kwh,1,1,100%,3
dale,1,1,100%,4
ecoflow power stream inverter,1,1,100%,4
ecoflow powerocean dc,1,1,100%,4
todo,1,1,100%,4
suelto,1,1,100%,5
donde se compra,1,1,100%,6
рівер 3 плюс,1,1,100%,6
delta pro generator adapter,1,1,100%,8
powerstream microinverter,1,1,100%,60
placas solares empresas,1,1,100%,121
xiaomi,0,2657,0%,8.23
tienda xiaomi,0,930,0%,6.45
placa solar portatil,0,924,0%,17.46
ecoflow delta 2,0,786,0%,29.44
instalacion ecoflow furgoneta,0,743,0%,3.28
ecoflow delta pro,0,726,0%,24.15
batería ecoflow,0,704,0%,10.16
ecoflow river 3,0,596,0%,15.36
reparación de drones dji mini españa,0,579,0%,23.12
reparación drones dji,0,564,0%,18.73
generadores solares ecoflow,0,473,0%,8.97
placas solares portatiles,0,471,0%,15.99
generador solar ecoflow,0,427,0%,12.62
baterías ecoflow,0,420,0%,8.1
que es un eco flow,0,415,0%,7.64
ecoflow river 2,0,405,0%,31.51
ecoflow espagne,0,395,0%,4.67
instalacion ecoflow navarra,0,378,0%,29.45
ecoflow delta pro 3,0,375,0%,31.77
accesorios tecnológicos,0,369,0%,23.81
paneles solares portatiles,0,367,0%,16.09
cupon ecoflow,0,366,0%,42.36
ecoflow bateria,0,351,0%,11.24
bateria adicional delta pro 3,0,351,0%,11.46
paneles solares portatiles malaga,0,350,0%,33.01
ef ecoflow stream ultra x,0,347,0%,9.81
xiaomi tienda,0,331,0%,6.26
ecoflow river 2 pro,0,330,0%,45.74
servicio tecnico oficial ecoflow,0,328,0%,2.02
ecoflow delta 3 1500,0,323,0%,17.92
ef ecoflow river 3 con panel solar,0,303,0%,27.21
ef ecoflow glacier,0,292,0%,34.87
qué es un eco flow,0,291,0%,6.7
placas solares portatiles malaga,0,282,0%,53.1
xiaomi españa,0,279,0%,10.09
ecoflow stream microinversor de corriente,0,276,0%,34.2
placas solares rivas-vaciamadrid,0,256,0%,12.55
generador solar portatil ecoflow,0,253,0%,13.09
panel solar portatil 45w type c,0,243,0%,20.24
product,0,239,0%,2.23
ecoflow delta 3 classic,0,237,0%,11.68
generador ecoflow,0,237,0%,14.42
ecoflow delta 2 manual español pdf,0,229,0%,10.69
placas solares portátiles,0,228,0%,17.79
paneles solares portátiles,0,224,0%,17.48
panel solar ecoflow,0,223,0%,10.17
ecoflow delta 3 max 2048wh,0,212,0%,10.65
kit solar ecoflow,0,211,0%,9.42
ecoflow river 2 max con panel solar portátil,0,209,0%,17.03
river 2,0,206,0%,33.64
portatil sostenible,0,202,0%,16.61
generadores solares,0,201,0%,13.03
gadgets eurogamersonline,0,200,0%,3.17
ecoflow river 3 plus + bat eb300,0,200,0%,30.07
nevera ecoflow,0,192,0%,11.72
ecoflow river 2 pro manual,0,191,0%,7.73
ef ecoflow river 2 max,0,191,0%,48.73
generador solar para balcones,0,189,0%,13.4
código descuento ecoflow,0,188,0%,44.54
descuento ecoflow,0,185,0%,57.65
conector xt60i,0,181,0%,9.65
generadores solares para balcones,0,179,0%,22.03
powerstream,0,177,0%,7.94
ecoflow river 3 plus + bat eb600,0,177,0%,39.71
ecoflow river 3 ups,0,177,0%,43.23
tienda de gadgets,0,173,0%,5.8
placa de energia solar portatil,0,172,0%,13.64
efoflow,0,170,0%,8.85
españa,0,169,0%,13.59
delta 2,0,168,0%,15.27
manual de ecoflow delta pro,0,164,0%,8.55
ecoflow paneles solares,0,160,0%,8.37
enchufe ecoflow,0,156,0%,7.6
estación de energía portátil ef ecoflow river 2 max,0,155,0%,20.78
kit solar para balcón ecoflow 880 w,0,154,0%,10.18
paneles solares ecoflow,0,152,0%,24.62
delta pro,0,147,0%,23.01
gadget eurogamersonline,0,146,0%,5.24
reparación y venta de drones dji mini,0,146,0%,22.72
ecoflow logo,0,144,0%,1.67
paneles solares portátiles para casa,0,144,0%,14.94
panel solar portátil,0,143,0%,15.55
ecoflow delta 3 plus,0,140,0%,12.41
exoflow,0,136,0%,4.35
paneles solares portatiles para balcones,0,136,0%,16.34
seguidor solar ecoflow,0,135,0%,14.16
solares portátiles,0,135,0%,21.68
bateria ecoflow delta 3,0,134,0%,10.63
ecoflow powerocean dc fit,0,132,0%,9.26
placa solar portátil para casa,0,132,0%,12.73
reparación de drones dji mini,0,128,0%,25.66
ecoflow rapid pro,0,117,0%,10.76
delta 3,0,117,0%,12.63
proveedor de equipos de energía solar,0,115,0%,51
panel solar portátil para casa,0,113,0%,10.89
comprar placa arduino,0,113,0%,29.18
ef ecoflow accesorios para delta pro,0,112,0%,21.43
river 3 max,0,108,0%,7.59
dji servicio técnico madrid,0,108,0%,17.82
panel solar para ecoflow delta 3,0,106,0%,6.31
ecoflow baterias,0,106,0%,11.36
comprar gadgets,0,105,0%,3.41
ecoflo,0,103,0%,7.3
que es eco flow,0,100,0%,7.39
delta 3 plus,0,99,0%,24.14
qué es ecoflow,0,98,0%,7.7
ecoglow,0,96,0%,4
placa solar balcón,0,96,0%,72.51
ecoflow manual,0,95,0%,7.62
ecoflow delta pro manual,0,92,0%,7.71
comprar tecnología educativa,0,91,0%,9.63
ef ecoflowaccesorios para delta pro,0,90,0%,6.88
panel solar plegable 400w,0,90,0%,15.29
dji reparación,0,89,0%,30.98
tienda dji madrid,0,87,0%,10.59
panel solar 400w,0,87,0%,15.72
tiendas xiaomi,0,86,0%,6.02
bombas solares baratas,0,84,0%,14.46
ecoflow rapid pro x,0,84,0%,16.24
solar portátil,0,80,0%,15.8
ecoflow delta 3 classic manual,0,78,0%,9.67
echoflow,0,77,0%,9.35
ecoflow nevera,0,77,0%,13.34
ecoflow delta 2 características,0,76,0%,10.43
ecoflow power kits,0,75,0%,9.81
panel solar plegable,0,74,0%,34.92
gadgets tienda,0,73,0%,6.18
placa solares portatiles,0,73,0%,19.86
gadget gadget,0,72,0%,6.06
ecoflow glacier classic,0,72,0%,8.89
ecoflow placas solares,0,71,0%,12.93
river 3,0,70,0%,9.16
cargador de batería automático programable,0,70,0%,12.19
ecoflow outlet,0,69,0%,4.07
ecoflow qué es,0,69,0%,5.59
bateria adicional delta 2 max,0,69,0%,9.09
gadgets tecnológicos 2025,0,69,0%,10.35
manual de ecoflow delta 2 en español,0,68,0%,10.15
gadchet,0,67,0%,6.24
para que sirve el ecoflow,0,67,0%,6.81
generadores ecoflow,0,67,0%,10.1
electrónica y gadgets al mejor precio,0,67,0%,14.1
placas solares plegables,0,67,0%,18.33
delt@2,0,66,0%,8.05
ecoflow inversor,0,66,0%,12.71
ecoflow glacier,0,66,0%,20.82
ecoflow river 2 max spain,0,66,0%,31.92
accesorios tecnología,0,65,0%,28.69
ecovo,0,63,0%,6.33
que es un ecoflow?,0,63,0%,6.9
ecoflow smart meter manual,0,62,0%,8.77
ecoflow solar,0,62,0%,9.45
ecofow,0,62,0%,9.85
panel portatil,0,61,0%,9.92
batería ecoflow delta 3,0,61,0%,10.28
cable xt60i ecoflow,0,60,0%,10.33
panel solar flexible 100w,0,60,0%,34.57
ecoflow página oficial,0,59,0%,4.58
autel,0,59,0%,9.31
portable solar panel,0,59,0%,43.15
drones rivas vaciamadrid,0,58,0%,1.67
retrofit ecoflow dc‑fit,0,57,0%,11.09
placa solar ecologica,0,57,0%,14.88
instalacion placas solares rivas-vaciamadrid,0,56,0%,22.25
xiomi,0,55,0%,7.96
panel solar portatil ecoflow,0,54,0%,7.26
batería extra ecoflow delta 3 classic,0,54,0%,9.39
accesorios generador,0,54,0%,33.09
refrigeracion inteligente,0,54,0%,39.37
ecofliw,0,53,0%,9.49
¿cuáles son las tiendas más confiables para tecnología?,0,53,0%,13.53
bateria extra,0,53,0%,67.13
servicio técnico amazfit madrid,0,52,0%,4.35
placas solares en rivas-vaciamadrid,0,52,0%,6.23
ecoflow delta pro 3 4000w,0,52,0%,9.83
kit solar 600w balcón,0,52,0%,16.81
ecofro,0,52,0%,17.52
gatget,0,51,0%,6.65
ecoflow delta 2 como funciona,0,51,0%,8.57
river 3 plus ecoflow,0,51,0%,11.1
ecoflow river 2 manual,0,50,0%,7.78
estación de energía portátil ecoflow river 3 plus,0,50,0%,10.94
cupón ecoflow,0,50,0%,63.24
tecnologia elhombredecristal.es,0,49,0%,2.24
ecoflow como funciona,0,49,0%,7.18
xt60i cable,0,49,0%,9.47
ecoflow delta pro ultra,0,49,0%,22.12
kit solar balcón enchufable,0,49,0%,34.76
generadores de energia solares,0,48,0%,55.88
accesorios xiaomi,0,47,0%,6.64
bateria adicional ecoflow delta 3,0,47,0%,9.43
ecoflow delta 3 plus max,0,47,0%,9.57
batería extra para ecoflow delta 3 precio,0,47,0%,9.64
venta de gadgets,0,46,0%,3.57
power hub,0,46,0%,6.65
banco de energia magnetico,0,46,0%,7.59
ecoflow river 3 manual,0,46,0%,8.37
ecoflow delta 3 max plus 2048wh,0,46,0%,10.37
ecoflw,0,46,0%,11.46
ecoflow inclinador solar,0,46,0%,19.83
madrid gadget store,0,45,0%,5.89
ecoflow q es,0,45,0%,6.8
q es un ecoflow,0,45,0%,7.31
ecoflow pro manual,0,45,0%,7.44
power kits,0,45,0%,7.49
manual de usuario ecoflow delta 2,0,45,0%,7.87
alternador ecoflow,0,45,0%,8.62
energia solar portatil,0,45,0%,10.53
estación de energía portátil serie ecoflow delta 3,0,45,0%,11.73
delta river,0,45,0%,19.6
kit solar portatil,0,45,0%,21.47
donde comprar ecoflow para cuba,0,44,0%,6.84
ecpflow,0,44,0%,8.55
ecoflow stream x,0,44,0%,8.77
venta drones dji mini,0,44,0%,33.95
batería extra delta max ecoflow,0,43,0%,3
ekoflow,0,43,0%,4.4
sistema delta 2,0,43,0%,16.7
logo ecoflow,0,42,0%,1
ecoflot,0,42,0%,3.4
екофлоу,0,42,0%,7.33
ecoflow river 3 plus estación de energía portátil reviews,0,42,0%,8.02
ecoflow stream ca,0,42,0%,8.98
ecoflow river 3 pro,0,42,0%,12.4
delta pro 3,0,42,0%,15.38
cargador ecoflow,0,41,0%,10.59
ecoflow aire acondicionado,0,41,0%,27.68
power kit,0,40,0%,7.97
wcoflow,0,40,0%,8.82
instalar placas solares rivas-vaciamadrid,0,40,0%,24.75
evolve rapid,0,40,0%,36.83
paneles solares rígidos de ecoflow de 100w,0,39,0%,2.08
ecoflow espanha,0,39,0%,5.33
ecoflow alternator charger 800w,0,39,0%,6.77
manual ecoflow delta 2,0,39,0%,8.33
ecoflow delta 3 max plus extra battery,0,39,0%,8.79
xiaomi shop,0,39,0%,10.36
eco flow delta 2,0,39,0%,15
aire acondicionado ecoflow,0,39,0%,29.9
rio 3,0,38,0%,1
ecoflow rapid,0,38,0%,8.95
bateria delta 3 plus,0,38,0%,11.11
ecoflow ultra,0,38,0%,11.5
reparación de drones dji mini madrid,0,38,0%,20.55
tienda amazfit,0,37,0%,5.24
energia solar portatil para casa,0,37,0%,8.05
ecoflow river 3 plus 1200w,0,37,0%,9.57
eco delta madrid,0,37,0%,11.16
energía solar portátil,0,37,0%,11.89
paneles solares portatil,0,37,0%,12.54
ecoflow shop,0,36,0%,3.97
ecoflow delta 3 classic manual usuario español,0,36,0%,7.92
ecoflow trail,0,36,0%,9.83
dji tienda madrid,0,36,0%,10.22
tienda de campaña con paneles solares,0,36,0%,11.17
bateria portatil ecoflow,0,36,0%,12.03
ecoflow.de,0,36,0%,13.11
baterias solares ecoflow,0,36,0%,14.36
ecoflow delta vs river,0,35,0%,6.34
bateria ecoflow delta pro 3,0,35,0%,6.43
placa solar portatil ecoflow,0,35,0%,6.54
ecoflow delta 3 con panel solar,0,35,0%,8.17
ecoflow power hub,0,35,0%,9.06
ecoflow generador,0,35,0%,11.43
estación de energía portátil ecoflow delta 2,0,35,0%,26.51
ecoflow kit de ducha,0,34,0%,2.97
tienda oficial de ecoflow,0,34,0%,5.15
solar gadget,0,34,0%,7.15
batería adicional ecoflow delta 2 max,0,34,0%,9.79
gadgets y tecnología,0,34,0%,17.82
400w panel solar,0,34,0%,74.32
paneles solares moviles,0,33,0%,6.64
stream ultra ecoflow,0,33,0%,10.39
panel solar para ecoflow delta 3 classic,0,33,0%,10.73
delta 3 classic,0,33,0%,11.24
recambios easyrig,0,33,0%,13.3
ventosas para paneles,0,33,0%,25.27
ecoflow oficial,0,32,0%,5.09
comprar equipos de diagnosis autel,0,32,0%,7.34
es ecoflow,0,32,0%,7.47
"ecoflow river 3 plus estación de energía portátil product info and 
reviews",0,32,0%,8.12
ecoflow.,0,32,0%,8.91
baterias solares,0,32,0%,9.22
gadget shop,0,32,0%,9.44
ecoflow con panel solar,0,32,0%,10.16
placas solares portatil,0,32,0%,15.5
panel fotovoltaico 400w,0,32,0%,60.5
ecoflow significado,0,31,0%,6.26
productos ecoflow,0,31,0%,7.84
ecoflow delta 2 manual,0,31,0%,8
ecoflow delta 3 max precio,0,31,0%,8.42
ecoflow river plus 3,0,31,0%,10.29
ecoflow batería,0,31,0%,10.45
telefono dji españa,0,31,0%,10.68
placa solar portátil,0,31,0%,15.29
delta2,0,31,0%,17.03
microinversor ecoflow,0,31,0%,34.81
panel solar plegable 100w,0,31,0%,40.19
gadjet,0,30,0%,1.87
river plus,0,30,0%,3.93
stream solar,0,30,0%,7.73
flow,0,30,0%,8.17
gadgets and gadgets,0,30,0%,11.27
bateria solar,0,30,0%,11.9
dji espana,0,30,0%,12.07
dji españa telefono,0,30,0%,15.47
gadget store,0,29,0%,4.31
eco flow delta 3,0,29,0%,6.76
ecoflow glacier classic 35l,0,29,0%,8.62
ecoflow estación de energía delta 3 panel solar 220w bifacial,0,29,0%,9.66
ecoflow delta 2 opiniones,0,29,0%,10.41
cargador de batería automática,0,29,0%,11.83
delta 2 max,0,29,0%,16.34
bricoflow,0,28,0%,3.29
powerflash,0,28,0%,4.18
donde comprar autel,0,28,0%,4.43
¿qué es un ecoflow y para qué sirve?,0,28,0%,5.39
que es un ecoflou,0,28,0%,7.07
batería ecoflow delta pro 3,0,28,0%,7.21
ecoflow stream ultra manual pdf,0,28,0%,7.29
ecoflow river 2 max manual,0,28,0%,7.61
ecoflow 880 w,0,28,0%,10.29
cable para panel solar ecoflow delta 2,0,28,0%,10.54
comprar ecoflow para cuba,0,28,0%,11.11
bateria ecoflow delta 2 max,0,28,0%,17.07
lokithor j1350 pro,0,27,0%,6.22
ecoflow delta 3 max manual,0,27,0%,7.07
baterias delta,0,27,0%,7.56
lokithor,0,27,0%,7.85
gadgets electrónicos,0,27,0%,8.3
ecofñow,0,27,0%,8.33
ecoflow 2000w,0,27,0%,9.26
manual de ecoflow delta 2,0,27,0%,9.52
kit solar ecoflow stream,0,27,0%,9.93
bateria delta,0,27,0%,10.85
panel.solar portatil,0,27,0%,23.07
accesorios camaras deportivas,0,27,0%,23.96
generador inteligente ecoflow dual fuel smart,0,27,0%,56.7
tienda xiaomi cerca de mi,0,26,0%,4.92
accesorios ecoflow,0,26,0%,5.5
paneles solares para ecoflow delta 3,0,26,0%,6.15
ecoflow delta 3 mini,0,26,0%,6.96
ecoflow delta 3 1500 precio,0,26,0%,7.04
servicio tecnico dji,0,26,0%,7.38
independencia energética vivienda,0,26,0%,7.5
gadgets shop,0,26,0%,7.54
gadget tienda,0,26,0%,8
qué cosa es un ecoflow,0,26,0%,8.08
ecoflow delta 3 max plus precio,0,26,0%,9.42
delta 3 max 2048wh,0,26,0%,9.62
ecoflow power kit,0,26,0%,10.31
ecoflow power stream,0,26,0%,11.62
ecoflow camper,0,26,0%,12
panel solar ecoflow 400w,0,26,0%,17.54
ecoflow delta 3 pro,0,26,0%,19.92
kit solar placas solares para balcones,0,26,0%,53.19
eurogamersonline gadget,0,25,0%,4
servicio técnico autel españa,0,25,0%,4.96
que es ecoflow?,0,25,0%,7.04
eco river 3 plus,0,25,0%,7.12
ecodlow,0,25,0%,7.88
ecoflow alternator charger,0,25,0%,7.96
eco flow delta 3 max plus,0,25,0%,9.28
ecoflow delta 3 max plus características,0,25,0%,9.36
instalacion de ecoflow,0,25,0%,9.84
manual de ecoflow delta 3 (en español),0,25,0%,10.4
estacion de energia ecoflow,0,25,0%,13.08
delta 2 ecoflow,0,25,0%,31.84
distribuidor fuentes alimentación delta,0,25,0%,68.12
ecogadgetoficial stream series advanced stock,0,24,0%,1
ecoflow de,0,24,0%,6.92
manual ecoflow delta pro,0,24,0%,7.38
eco,0,24,0%,8.25
manual de usuario ecoflow delta 3,0,24,0%,8.75
bateria extra ecoflow delta pro,0,24,0%,9.04
tienda dji españa,0,24,0%,9.29
ecoflow delta 3 manual español,0,24,0%,9.58
tiendas de gadgets,0,24,0%,9.79
estación de energía ecoflow river 3 plus,0,24,0%,10.12
ecoflow river plus,0,24,0%,10.33
ecoflow 3000w,0,24,0%,11.79
micro inversor ecoflow,0,24,0%,14
mayoristas dji,0,24,0%,21.08
distribuidor placas solares,0,24,0%,52.88
instalacion placas solares piso,0,24,0%,61.12
gadgets reviews tuquymobile.com kemylo unile,0,23,0%,1.04
ecoflow español,0,23,0%,4.13
ecoflow powerstream manual,0,23,0%,4.57
ecoflow stream manual,0,23,0%,5.13
que son los ecoflow,0,23,0%,5.22
delta 3 max características,0,23,0%,7.74
ecoflow delta 2 manual español,0,23,0%,9.3
river plus 3,0,23,0%,9.65
ecoclow,0,23,0%,9.7
ecoflow 3 max,0,23,0%,9.74
ecoflow delta 3 2048wh,0,23,0%,9.78
ecoflow nevera portatil,0,23,0%,11.61
smart plug ecoflow,0,23,0%,24.3
ecoflow 175w rigid solar panel,0,23,0%,27.65
gadgets fotos,0,22,0%,5.14
ecoflow delta 3 max plus (2048wh),0,22,0%,9
ecoflow alternador,0,22,0%,9.05
ecoflow 3 max plus,0,22,0%,9.82
paneles ecoflow,0,22,0%,9.86
precio ecoflow delta pro ultra,0,22,0%,10.27
delta 3 classic ecoflow,0,22,0%,10.59
baterias para placas solares,0,22,0%,11.05
ecoflow cuballama,0,22,0%,11.41
inversores ecoflow,0,22,0%,12.91
streamcloud series,0,22,0%,17.91
dji store spain,0,22,0%,19.55
eco portátil,0,22,0%,32.45
river 3.0,0,21,0%,3.33
e gadget,0,21,0%,5.43
delta pro ultra x manual,0,21,0%,7.43
deltapro,0,21,0%,7.95
ecoflow river max 3,0,21,0%,8.14
estacion ecoflow,0,21,0%,8.24
ecoflow delta pro ultra manual,0,21,0%,8.43
eco river 3,0,21,0%,9.05
ecoflow 1000w,0,21,0%,9.1
delta pro ultra de ecoflow precio,0,21,0%,9.48
bateria delta 3,0,21,0%,9.9
ecoflow delta 3 max plus smart extra battery,0,21,0%,10.38
gadgets solares,0,21,0%,10.43
conector xt60i ecoflow,0,21,0%,11.86
ecoflow river 3 plus precio,0,21,0%,12.62
river ecoflow,0,21,0%,17.67
depuracion sostenible ecoflow,0,21,0%,20.38
ecoflow pro,0,21,0%,25.52
placas solares plegables caracteristicas,0,21,0%,81.62
pila ecoflow,0,20,0%,4
empresa ecoflow,0,20,0%,4.7
manual ecoflow delta 3 max,0,20,0%,6.8
river 2 pro manual,0,20,0%,7.5
panel solar para ecoflow delta 2,0,20,0%,7.9
xaomi,0,20,0%,8.2
de donde es la marca ecoflow,0,20,0%,8.25
lokithor j2250,0,20,0%,8.6
manual de usuario ecoflow delta 3 classic,0,20,0%,8.9
ecoflow 2kwh,0,20,0%,8.95
e oflow,0,20,0%,9.05
placas solares,0,20,0%,9.05
ecoflow kit,0,20,0%,9.2
ecoflow solar panel,0,20,0%,11.55
ecofloq,0,20,0%,12.05
placa fotovoltaica portatil,0,20,0%,12.75
paneles solares portátil,0,20,0%,15
panel solar portable,0,20,0%,25.5
recambios xiaomi,0,20,0%,26.35
paneles solares para balcones,0,20,0%,28.9
placas solares plegables que es,0,20,0%,51.45
tienda amazfit españa,0,19,0%,2.37
panel solar rígido ecoflow de 100w,0,19,0%,3.37
ecoflow miami,0,19,0%,3.68
stream x series,0,19,0%,6.16
ecoflow web,0,19,0%,6.74
gadget phone,0,19,0%,7.47
delta 3 max plus estación de carga portátil 2048wh de ecoflow,0,19,0%,8.68
xiami,0,19,0%,8.79
batería extra ecoflow delta 3,0,19,0%,8.84
stream fotovoltaico,0,19,0%,9.26
baterias placas solares,0,19,0%,9.32
ecoflow delta max 3,0,19,0%,11
ecoflow delta 2 precio,0,19,0%,12.16
ecoflow panel solar,0,19,0%,13.21
kit balcon,0,19,0%,14.68
panneau solaire flexible 100w,0,19,0%,15.05
ecoflow river pro,0,19,0%,39.26
rapid pro x,0,19,0%,50.32
cual es la mejor estación de energía portátil,0,18,0%,1
cable infinity,0,18,0%,3.83
cargador de batería automática portátil,0,18,0%,5.44
dji servicio tecnico,0,18,0%,6.83
planta ecoflow,0,18,0%,7.33
venta de ecoflow,0,18,0%,7.44
amazfit,0,18,0%,7.67
ecoflow delta3 max plus,0,18,0%,7.72
accesorios tecnologicos,0,18,0%,9.22
ecoflow trail 200 dc,0,18,0%,9.44
teléfono atención al cliente dji españa,0,18,0%,10.06
power kit ecoflow,0,18,0%,10.22
delt 2,0,18,0%,12.94
placas solares portátil,0,18,0%,16.72
gadget spain,0,17,0%,2.53
ecovo rivas,0,17,0%,5.65
kit solar para balcones ecoflow,0,17,0%,6.47
gagdet,0,17,0%,7.06
sass rivas,0,17,0%,7.24
ecoflow 4,0,17,0%,7.29
powerkits,0,17,0%,7.29
¿qué tienda tiene mejores precios en gadgets?,0,17,0%,7.47
ecoow,0,17,0%,7.65
ecoflow 2 kwh,0,17,0%,7.71
placas ecoflow,0,17,0%,7.71
delta 3 max plus ecoflow,0,17,0%,8.65
ecoflow charger,0,17,0%,8.65
ecoflow paneles,0,17,0%,8.71
cable ecoflow delta 2,0,17,0%,9.59
precio ecoflow delta 3,0,17,0%,9.65
ecoflow delta 2 con panel solar,0,17,0%,9.71
ecoflow delta 3 max especificaciones técnicas,0,17,0%,10.06
baterías solares,0,17,0%,10.47
ecoflow river max,0,17,0%,21.24
distribuidor paneles solares,0,17,0%,24.47
placa solar flexible 100w,0,17,0%,37.41
soluciones de energia para campers,0,17,0%,41
placas fotovoltaicas 400w,0,17,0%,84.88
site:ecogadgetoficial.com,0,16,0%,1
www.ecoflow,0,16,0%,6.44
delta pro ultra manual,0,16,0%,6.5
helicóptero xiaomi donde comprar,0,16,0%,6.75
bateria delta pro,0,16,0%,7.62
ecoflow company,0,16,0%,8.62
eco flow river 3 plus,0,16,0%,8.88
ecoflow delta series,0,16,0%,9.06
xiaomi de donde es,0,16,0%,9.19
xt60i connector,0,16,0%,9.31
ecoflow delta 3max,0,16,0%,9.44
eco-flow,0,16,0%,9.88
ecoflow con paneles solares,0,16,0%,10.12
precio ecoflow delta pro 3,0,16,0%,10.12
ecoflow delta max 3 plus,0,16,0%,10.62
dji accesorios,0,16,0%,10.69
stream ecoflow,0,16,0%,11.75
solar portatil,0,16,0%,12.12
dji españa contacto,0,16,0%,12.19
ecoflow 800,0,16,0%,12.38
ecoflow 3,0,16,0%,12.5
nevera ecoflow glacier,0,16,0%,12.5
ecoflow micro inverter 800w,0,16,0%,14.19
comprar bateria solar,0,16,0%,14.38
ultra x,0,16,0%,23.19
sistema delta2,0,16,0%,32.69
estaciones de energía ecoflow,0,16,0%,34.31
placas solares piso,0,16,0%,65.5
placa solar 400 w,0,16,0%,85.62
qué es un ecko flow,0,15,0%,6.47
ecoflow rapid magnetic power bank,0,15,0%,6.8
ecoflow 4kwh,0,15,0%,7.07
tienda xiomi,0,15,0%,7.07
de donde es ecoflow,0,15,0%,7.13
ecoflow stream x ultra,0,15,0%,7.47
excoflow,0,15,0%,7.47
cuanto pesa la ecoflow delta 3 max,0,15,0%,7.53
gafget,0,15,0%,8
ecofolw,0,15,0%,8.33
gadgets store,0,15,0%,8.47
ecoflow ultra stream x,0,15,0%,8.73
экофло,0,15,0%,8.73
dji telefono españa,0,15,0%,8.87
ecoflow power stream manual,0,15,0%,9.47
ecoflow 8000w,0,15,0%,9.73
bateria extra delta pro,0,15,0%,10
ecoflow delta pro manual pdf,0,15,0%,10.4
placa solar portátil 220v,0,15,0%,11.47
ecoflow xt60i,0,15,0%,11.87
equipo solar portatil,0,15,0%,12.6
bateria delta 2 max,0,15,0%,14.8
reparacion drones dji,0,15,0%,16
delta3,0,15,0%,17.73
kit solar para balcones,0,15,0%,18.33
placa solar ecoflow,0,15,0%,22.4
autel servicio tecnico,0,14,0%,3.93
pagina oficial ecoflow,0,14,0%,4.36
coflow,0,14,0%,5.43
ecoflow alternator charger 500w,0,14,0%,5.71
banco de energía magnético ecoflow rapid,0,14,0%,5.86
ecoflow river 3 características,0,14,0%,5.93
ecoflow 4 kw,0,14,0%,6.21
alternador ecoflow 800w,0,14,0%,7.64
regenerador solar,0,14,0%,7.86
gadget tech,0,14,0%,8
duovaflow,0,14,0%,8.07
eciflow,0,14,0%,8.21
ecofloww,0,14,0%,8.36
river 3 max plus ecoflow,0,14,0%,8.43
paneles solares,0,14,0%,9.14
delta 3max plus,0,14,0%,9.5
paneles solares para ecoflow delta 3 max,0,14,0%,9.5
paneles solares compatibles con ecoflow delta 2,0,14,0%,9.93
baterias ecoflow precios,0,14,0%,10
delta 3 ecoflow,0,14,0%,10.07
stream x,0,14,0%,10.21
ecoflow rapid mag,0,14,0%,10.36
ecoflow delta pro smart extra battery,0,14,0%,10.93
paneles solares para ecoflow delta 2,0,14,0%,11.07
bateria solar ecoflow,0,14,0%,11.5
panel ecoflow,0,14,0%,11.93
ecoflow delta 2 max precio,0,14,0%,12.07
ecoflow 160 watt,0,14,0%,12.29
panel solar para ecoflow delta 2 max,0,14,0%,12.64
delta@2,0,14,0%,13.64
lokithor j2250 pro,0,14,0%,13.93
tienda gadget,0,14,0%,15.5
placas solares moviles,0,14,0%,16.57
gadgets electronica,0,14,0%,16.71
comprar protectores de pantalla hidrogel al por mayor,0,14,0%,17.21
ecofolow,0,14,0%,20.57
panel solar portátil 400w,0,14,0%,26.14
distribuidor españa,0,14,0%,30.5
wave 3,0,14,0%,36
conexion paralelo,0,14,0%,42.86
microinversor 800w,0,14,0%,44.57
local guide program,0,13,0%,1
tienda autel,0,13,0%,3.38
estacion de energia portatil,0,13,0%,3.77
gadget telefono,0,13,0%,4.15
ecoflow precio,0,13,0%,4.23
cual ecoflow es mejor,0,13,0%,4.31
el gadget,0,13,0%,4.38
ecoflow stream pro manual,0,13,0%,4.54
ecoflow delta river,0,13,0%,6.69
ecoflow river 4,0,13,0%,6.77
ecoflow manuals,0,13,0%,7
ultra x ecoflow,0,13,0%,7
ecoflow river 3 max manual,0,13,0%,7.38
ecolfow,0,13,0%,7.38
baterias ecoflow delta 3,0,13,0%,7.92
que es un ecoflow delta 2,0,13,0%,8.08
batería eco flow,0,13,0%,8.31
ecoflow delta 3 series,0,13,0%,8.31
acoflow,0,13,0%,8.46
ecofkow,0,13,0%,8.46
delta max plus,0,13,0%,8.77
eco flow river 3,0,13,0%,8.77
bateria eco flow,0,13,0%,9
ecofluw,0,13,0%,9
ecoflow 100w rigid solar panel,0,13,0%,9.23
ecoflow 45w solar panel,0,13,0%,9.62
ecoflow 3 river plus,0,13,0%,9.85
ecoflow estados unidos,0,13,0%,9.85
xiamo,0,13,0%,10.23
xiaomi coches,0,13,0%,10.46
ecoflow glacier precio,0,13,0%,10.92
xioami,0,13,0%,11.08
2kwh precio,0,13,0%,11.23
placa solar 520w,0,13,0%,11.31
baterias paneles solares,0,13,0%,11.38
tecnologia y gadgets,0,13,0%,11.85
xiaomi car españa,0,13,0%,12.23
bateria ecoflow delta 3 max plus,0,13,0%,12.77
placas solar portatil,0,13,0%,15.23
eco flow delta pro 3,0,13,0%,15.31
accesorios para tablets xiaomi redmi pad se al por mayor,0,13,0%,71.92
cuanto pesa una ecoflow delta 3,0,12,0%,1
ecoflow para cuba,0,12,0%,2.58
cable ecoflow batería adicional,0,12,0%,2.67
ecoflon,0,12,0%,3.25
ecoflow stream max manual,0,12,0%,4.08
tienda gadgets,0,12,0%,4.08
gadgeto,0,12,0%,4.17
ecoflow delta 1300 manual,0,12,0%,5.25
ecoflow delta 3 classic características,0,12,0%,5.83
bateria para ecoflow delta 3,0,12,0%,6.58
amazfit madrid,0,12,0%,7.33
delta 3 plus max,0,12,0%,7.42
delta 3 series,0,12,0%,7.5
ecoflow trail dc,0,12,0%,8
ecoflow river 2 precio españa,0,12,0%,8.08
que es una eco flow,0,12,0%,8.25
ecoflow sandalias,0,12,0%,8.42
ecoflow delta max plus 3,0,12,0%,8.58
estación ecoflow,0,12,0%,9.08
ecoflow delta manual,0,12,0%,9.33
bateria extra ecoflow delta 3,0,12,0%,9.5
ecoflow delta max plus,0,12,0%,9.58
ecoflow 6000w,0,12,0%,9.67
ecoflow river 2 (256 wh),0,12,0%,9.67
manual ecoflow pro,0,12,0%,10.17
ecoflow official,0,12,0%,10.25
panel solar 520w,0,12,0%,10.25
ecoflow delta 3 batería extra,0,12,0%,10.33
gadget online,0,12,0%,10.42
bateria extra delta 3,0,12,0%,10.75
ecoflow bateria extra,0,12,0%,10.92
cable ecoflow,0,12,0%,11.25
ecoflow delta pro 3 precio,0,12,0%,11.92
ecoflow delta 3 clasica,0,12,0%,12.83
panel solar 45w,0,12,0%,13.17
xt60i ecoflow,0,12,0%,14.58
comprar airtac,0,12,0%,18.92
tecnología y gadgets,0,12,0%,21.25
ecoflow infinity cable,0,12,0%,23.17
paneles solares plegables,0,12,0%,25.58
river 2 pro,0,12,0%,25.83
eco flow river 2,0,12,0%,28.92
paneles solares portatiles precios,0,12,0%,33.08